{"cameraMode":{"drawMode":0,"name":"Shaded","section":"Shading Mode"},"sceneLighting":true,"audioPlay":false,"sceneViewState":{"m_AlwaysRefresh":false,"showFog":true,"showSkybox":false,"showFlares":true,"showImageEffects":true,"showParticleSystems":true,"showVisualEffectGraphs":true,"m_FxEnabled":true},"in2DMode":false,"pivot":{"x":-0.5532369613647461,"y":0.17109602689743043,"z":-2.2343649864196779},"rotation":{"x":-0.39418378472328188,"y":0.3001106381416321,"z":-0.13791753351688386,"w":-0.857651948928833},"size":0.000017335431039100513,"orthographic":false}